CHROM,POS,REF,ALT,GENOTYPE,GENE
chr1,23885498,T,C,0/1,BRAC1
chr1,55097835,G,C,0/1,BRAC1
chr1,55141051,GCCCAGATGGACATGA,"G,GCCCGGATGGACATGA",0/2,BRAC1
chr1,112111299,TACCTTTTTTTAAAAAAAAAAAAAT,"TACCTTTTTTAAAAAAAAAAAAT,TACCTTTTTTAAAAAAAAAAATA,TACCTTTTTTAAAAAAAAAAAT,TACCTTTTTTAAAAAAAAAATA,TACCTTTTTTAAAAAAAAAAT,TACCTTTTTTTAAAAAAAAAAAAT,TACCTTTTTTTAAAAAAAAAAATA,TACCTTTTTTTAAAAAAAAAAAT,TATCATTTTTAAAAAAAAAAAT,TATCCATTTTTTAAAAAAAAAAAT,TATCCTTTTTTAAAAAAAAAAAT,TATTCAATTTTTAAAAAAAAAAAT,TCATTCAATTTTAAAAAAAAAAAT,TCATTCAATTTTAAAAAAAAAAT,TCATTCAATTTTTAAAAAAAAAAAT",3/9,BRAC1
chr1,112176756,T,A,0/1,BRAC1
chr1,176523562,C,A,0/1,BRAC1
chr1,61655690,G,A,1/1,BRAC1
chr1,61748893,C,A,1/1,BRAC1
chr1,8111409,C,T,1/1,BRAC1
chr1,104389932,T,G,1/1,BRAC1
chr1,69466115,C,A,0/1,BRAC1
chr1,85977117,G,A,0/1,BRAC1
chr1,49416046,TC,T,0/1,BRAC1
chr1,49426657,TGCTGTT,T,0/1,BRAC1
chr1,49434071,GAACC,"GAAA,GAAAC,GAAACC,GAA,GAAC,GAACCC",0/2,BRAC1
chr1,49435144,T,C,0/1,BRAC1
chr1,48919358,T,G,1/1,BRAC1
chr1,95566104,CACACA,"CAAAA,CAAA,CA,CACAAA",0/2,BRAC1
chr1,2138432,C,T,0/1,BRAC1
chr1,63052714,TGCC,T,0/1,BRAC1
chr1,1619339,T,C,0/1,BRAC1
chr1,18709768,G,A,0/1,BRAC1
chr1,44833841,C,A,0/1,BRAC1
chr1,44929077,C,A,0/1,BRAC1
chr1,123041043,A,G,0/1,BRAC1
chr3,12650635,CTA,"C,CTATA",0/1,COQ1
chr3,1980346,A,T,0/1,COQ1
chr3,106155185,C,G,0/1,COQ1
chr3,158140222,G,A,1/1,COQ1
chr3,116436022,G,A,0/1,COQ1
chr3,98221860,CT,"CC,C",0/1,COQ1
chr3,98229389,C,G,0/1,COQ1
chr3,135776034,C,T,0/1,COQ1
chr3,139399070,G,A,1/1,COQ1
chr3,32449417,CGGCT,"GGGAT,GGGATG",0/1,COQ1
chr3,7578115,T,C,1/1,COQ1
chr3,7578645,C,T,1/1,COQ1
chr3,29508775,G,A,0/1,COQ1
chr3,1615852,C,T,0/1,COQ1
chr3,1650133,GA,"G,GG",0/2,COQ1
chr3,18717264,C,T,0/1,COQ1
chr3,76849085,G,A,0/1,COQ1
chr8,178922274,C,A,0/1,NA
chr5,176517326,T,C,0/1,NA
chr6,157099446,AGCA,A,0/1,NA
chr7,116435768,C,T,0/1,NA
chr7,148506396,ACCTA,"CCCTAC,CCCTA",0/2,NA
chr10,90771829,T,C,0/1,NA
chr10,104386934,T,C,0/1,NA
chr10,104387019,T,C,0/1,NA
chr11,69462910,G,A,0/1,NA
chr11,119146659,G,C,1/1,NA
chr11,119148573,G,T,1/1,NA
chr12,69208578,A,C,1/1,NA
chr15,99500605,C,T,0/1,NA
chr17,7579472,G,C,0/1,NA
chr17,29546175,T,C,0/1,NA
chr17,29548848,CTCTTTTTTAAAAAATT,"CTCTTTTTAAAAAATT,CTCTTTTTAAAAATTA,CTCTTTTTAAAAATT,CTCTTTTTTAAAAATT,CTTCATTTTTAAAAATT,CTTCTTTTTAAAAATT",0/3,NA
chr17,29559932,C,A,0/1,NA
chr17,29653293,T,C,0/1,NA
chr17,63052357,GCCCCGC,"GCCCGGC,GCCCGG",1/1,NA
chr19,17947946,GCCA,"GCCAC,GCCCA",0/1,NA
chr19,33792731,GGCG,GGCGGGTGCG,0/1,NA
chr19,42798918,C,T,0/1,NA
chr20,31022959,T,C,1/1,NA
chr22,30077355,TGGGCCG,"TGGCCA,TGGGCA,TGGGCCA",3/3,NA
chr1,172634734,T,C,1/1,PSEN1
chr1,204501383,C,T,0/1,PSEN1
chr1,204515760,T,C,0/1,PSEN1
chr1,204515863,C,T,0/1,PSEN1
chr1,1797741,T,C,0/1,PSEN1
chr1,1807894,G,A,1/1,PSEN1
chr1,176517797,C,T,0/1,PSEN1
chr1,176523597,A,G,0/1,PSEN1
chr1,157099332,CCCA,C,0/1,PSEN1
chr1,5090966,ATTG,A,0/1,PSEN1
chr1,37020622,A,C,0/1,PSEN1
chr1,98238358,G,A,0/1,PSEN1
chr1,98241259,C,T,0/1,PSEN1
chr1,32417945,T,C,0/1,PSEN1
chr1,49436724,ACA,"GCA,GC",0/1,PSEN1
chr1,49442813,T,C,0/1,PSEN1
chr1,69217910,AAC,A,0/1,PSEN1
chr1,124824710,GCCCCCACCCCC,"GCCCCACCCCCGCCGCTGCT,GCCCCACCCCGCCGCTGCT,GCCCCCACCCCCGCCGCTGCT,GCCCCCACCCCGCCGCTGCT",0/3,PSEN1
chr1,29541437,T,C,0/1,PSEN1
chr1,1619333,G,A,0/1,PSEN1
chr1,24158899,C,A,0/1,PSEN1
chr1,41203119,G,A,0/1,PSEN1
chr1,123034303,T,G,0/1,PSEN1
chr1,65311262,G,A,0/1,PSEN2
chr1,158204425,A,G,1/1,PSEN2
chr1,158522577,C,A,1/1,PSEN2
chr1,157099399,GTTCCAG,"GATTCCAG,GTTC",0/2,PSEN2
chr1,55249063,G,A,1/1,PSEN2
chr1,92247326,TG,"T,TT",0/2,PSEN2
chr1,5090934,A,T,0/1,PSEN2
chr1,98209593,GG,"GAG,GA",0/2,PSEN2
chr1,8097566,TCCCCGCGCGCGGGTTCCGGGC,"TCCCGCGCGCGGGTTCCGGC,TCCCGCGCGCGGGTTCCGGGC,TCCCGCGCGCGGGTTCGGC,TCCCGCGCGCGGGTTCGGGC,TCCCTGCGCGCGGGTTCCGGC,TCCCTGCGCGCGGGTTCCGGGC,TCCCTGCGCGCGGGTTCGGC,TCCCTGCGCGCGGGTTCGGGC,TCCCTGCGCGCGGTCCGGGC,TCCCTGCGCGCGGTCCGGG,TCCCTGCGCGCGGTTCCGGGC,TCCCTGCGCGCGGTTCCGGG,TCGCCCGCGCGCGGTTCCGGGC",6/9,PSEN2
chr1,43613843,G,T,0/1,PSEN2
chr1,90770439,C,G,0/1,PSEN2
chr1,104356822,A,G,1/1,PSEN2
chr1,49424616,G,A,0/1,PSEN2
chr1,49426729,AGCTGCTGCTGCTGCTGCTGCT,AGCTGCTGCTGCTGCTGCT,0/1,PSEN2
chr1,49427652,C,T,0/1,PSEN2
chr1,58144665,C,T,0/1,PSEN2
chr1,29670190,C,G,1/1,PSEN2
chr1,41200677,C,T,0/1,PSEN2
chr9,23885598,GT,"GC,G,GTC",0/1,SCNAC22
chr9,65301669,C,A,1/1,SCNAC22
chr9,204512100,T,C,0/1,SCNAC22
chr9,204516025,A,G,0/1,SCNAC22
chr9,25458546,C,T,1/1,SCNAC22
chr9,29416572,T,C,1/1,SCNAC22
chr9,121726446,CG,"CA,CAG",1/1,SCNAC22
chr9,158626980,C,T,1/1,SCNAC22
chr9,209113192,G,A,0/1,SCNAC22
chr9,106196829,T,G,0/1,SCNAC22
chr9,61707725,G,A,1/1,SCNAC22
chr9,61732521,A,G,1/1,SCNAC22
chr9,98244242,T,C,0/1,SCNAC22
chr9,98270320,AGTGAGTGTGTGTGTGTGTGT,"AGTGAGTGTGTGTGTGTGT,AGTGAGTGTGTGTGTGTGTGA,AGTGTGTGTGTGT",0/3,SCNAC22
chr9,98270644,GTTGC,GTTGCCGC,0/1,SCNAC22
chr9,135781205,T,C,0/1,SCNAC22
chr9,123306112,A,C,0/1,SCNAC22
chr9,85979636,CGTGT,"CGCTGT,CGTCTGT,C,CGT,CGTGTGT,CGTGTGTGT,CGTGTGTGTGT",0/4,SCNAC22
chr9,49426725,T,C,0/1,SCNAC22
chr9,49427268,C,T,0/1,SCNAC22
chr9,49445501,G,T,0/1,SCNAC22
chr9,124887058,GGCTGCTGCTGCTGCTGCTGCTGCTGCTGCTGCTGCTGTTGT,"GCTGCTGCTGCTGCTGCTGCTGCTGCTGCTGCTGCTGCTGTTGT,GGCTGCTGCTGCTGCTGCTGCTGCTGCTGCTGCTGCTGCTGTTG,GGCTGCTGCTGCTGCTGCTGCTGCTGCTGCTGCTGCTGCTGTTGT,GGCTGCTGCTGCTGCTGCTGCTGCTGCTGCTGCTGCTGTTGTTGT",0/1,SCNAC22
chr9,23504021,GA,"AA,AAC",0/1,SCNAC22
chr9,23504238,G,A,1/1,SCNAC22
chr9,29553477,ACCCCCCCG,"ACCCCCCA,ACCCCCCCA,ACCCCCCCCA,ACCCCCCCCG,ACCCCCCG",0/2,SCNAC22
chr9,29557882,A,G,0/1,SCNAC22
chr9,29654876,T,A,0/1,SCNAC22
chr9,29679246,GAT,"AA,AAT",0/2,SCNAC22
chr9,63052344,G,T,0/1,SCNAC22
chr9,1619752,G,GTGGGG,0/1,SCNAC22
chr9,36206932,G,A,0/1,SCNAC22
chr9,133511988,G,A,1/1,SCNAC22
chr4,27058121,TC,T,0/1,TP53
chr4,65310489,T,C,0/1,TP53
chr4,179087934,T,C,0/1,TP53
chr4,25463483,G,A,0/1,TP53
chr4,55529199,T,TA,0/1,TP53
chr4,55566266,G,A,0/1,TP53
chr4,55598902,CA,"C,CT",0/2,TP53
chr4,149433596,TG,GA,0/1,TP53
chr4,18139214,G,A,1/1,TP53
chr4,41903782,A,C,0/1,TP53
chr4,157405761,G,A,1/1,TP53
chr4,157405930,GT,"ATC,AT",2/2,TP53
chr4,55228053,A,T,1/1,TP53
chr4,116436097,G,A,0/1,TP53
chr4,140476936,G,A,0/1,TP53
chr4,5081780,G,A,0/1,TP53
chr4,37034019,CTAAATCCAT,"CTAAATCCA,CTAAATTCCAT,CTAATCCA,CTTAAATCCAT,CTTAAATTCCA,CTTAAATTCCAT",0/2,TP53
chr4,139391636,G,A,0/1,TP53
chr4,104359342,CTTTTTTCTG,"CTTTTTCCG,CTTTTTTCCG",0/2,TP53
chr4,534242,A,G,0/1,TP53
chr4,32456562,G,A,0/1,TP53
chr4,69456000,G,C,0/1,TP53
chr4,69462856,C,T,0/1,TP53
chr4,25386061,CAC,"CAAA,CAA",2/2,TP53
chr4,49421179,G,C,1/1,TP53
chr4,49444545,G,A,0/1,TP53
chr4,56477694,AGC,"TG,TGC",2/2,TP53
chr4,7578210,T,C,0/1,TP53
chr4,29575979,ATTTTATTTTTAT,"ATTTTATTTTA,ATTTTATTTTAT,ATTTTATTTTTA,ATTTTATTTTTATT,ATTTTTATTTTTAT",0/1,TP53
chr4,18707878,A,C,0/1,TP53
chr4,33792753,AGGGCGGCGGCGGCGGCGGCG,"AGGGCGGCGGCGGCGGCG,GGTGCGAGGGCGGCGGCGGCGGCG",0/1,TP53
