,CHROM,POS,REF,ALT,GENOTYPE,GENE,Left Allele Index,Right Allele Index,Left Allele,Right Allele
0,chr1,23885498,T,C,0/1,BRAC1,0,1,T,C
1,chr1,55097835,G,C,0/1,BRAC1,0,1,G,C
2,chr1,55141051,GCCCAGATGGACATGA,"G,GCCCGGATGGACATGA",0/2,BRAC1,0,2,GCCCAGATGGACATGA,GCCCGGATGGACATGA
3,chr1,112111299,TACCTTTTTTTAAAAAAAAAAAAAT,"TACCTTTTTTAAAAAAAAAAAAT,TACCTTTTTTAAAAAAAAAAATA,TACCTTTTTTAAAAAAAAAAAT,TACCTTTTTTAAAAAAAAAATA,TACCTTTTTTAAAAAAAAAAT,TACCTTTTTTTAAAAAAAAAAAAT,TACCTTTTTTTAAAAAAAAAAATA,TACCTTTTTTTAAAAAAAAAAAT,TATCATTTTTAAAAAAAAAAAT,TATCCATTTTTTAAAAAAAAAAAT,TATCCTTTTTTAAAAAAAAAAAT,TATTCAATTTTTAAAAAAAAAAAT,TCATTCAATTTTAAAAAAAAAAAT,TCATTCAATTTTAAAAAAAAAAT,TCATTCAATTTTTAAAAAAAAAAAT",3/9,BRAC1,3,9,TACCTTTTTTAAAAAAAAAAAT,TATCATTTTTAAAAAAAAAAAT
4,chr1,112176756,T,A,0/1,BRAC1,0,1,T,A
5,chr1,176523562,C,A,0/1,BRAC1,0,1,C,A
6,chr1,61655690,G,A,1/1,BRAC1,1,1,A,A
7,chr1,61748893,C,A,1/1,BRAC1,1,1,A,A
8,chr1,8111409,C,T,1/1,BRAC1,1,1,T,T
9,chr1,104389932,T,G,1/1,BRAC1,1,1,G,G
10,chr1,69466115,C,A,0/1,BRAC1,0,1,C,A
11,chr1,85977117,G,A,0/1,BRAC1,0,1,G,A
12,chr1,49416046,TC,T,0/1,BRAC1,0,1,TC,T
13,chr1,49426657,TGCTGTT,T,0/1,BRAC1,0,1,TGCTGTT,T
14,chr1,49434071,GAACC,"GAAA,GAAAC,GAAACC,GAA,GAAC,GAACCC",0/2,BRAC1,0,2,GAACC,GAAAC
15,chr1,49435144,T,C,0/1,BRAC1,0,1,T,C
16,chr1,48919358,T,G,1/1,BRAC1,1,1,G,G
17,chr1,95566104,CACACA,"CAAAA,CAAA,CA,CACAAA",0/2,BRAC1,0,2,CACACA,CAAA
18,chr1,2138432,C,T,0/1,BRAC1,0,1,C,T
19,chr1,63052714,TGCC,T,0/1,BRAC1,0,1,TGCC,T
20,chr1,1619339,T,C,0/1,BRAC1,0,1,T,C
21,chr1,18709768,G,A,0/1,BRAC1,0,1,G,A
22,chr1,44833841,C,A,0/1,BRAC1,0,1,C,A
23,chr1,44929077,C,A,0/1,BRAC1,0,1,C,A
24,chr1,123041043,A,G,0/1,BRAC1,0,1,A,G
25,chr3,12650635,CTA,"C,CTATA",0/1,COQ1,0,1,CTA,C
26,chr3,1980346,A,T,0/1,COQ1,0,1,A,T
27,chr3,106155185,C,G,0/1,COQ1,0,1,C,G
28,chr3,158140222,G,A,1/1,COQ1,1,1,A,A
29,chr3,116436022,G,A,0/1,COQ1,0,1,G,A
30,chr3,98221860,CT,"CC,C",0/1,COQ1,0,1,CT,CC
31,chr3,98229389,C,G,0/1,COQ1,0,1,C,G
32,chr3,135776034,C,T,0/1,COQ1,0,1,C,T
33,chr3,139399070,G,A,1/1,COQ1,1,1,A,A
34,chr3,32449417,CGGCT,"GGGAT,GGGATG",0/1,COQ1,0,1,CGGCT,GGGAT
35,chr3,7578115,T,C,1/1,COQ1,1,1,C,C
36,chr3,7578645,C,T,1/1,COQ1,1,1,T,T
37,chr3,29508775,G,A,0/1,COQ1,0,1,G,A
38,chr3,1615852,C,T,0/1,COQ1,0,1,C,T
39,chr3,1650133,GA,"G,GG",0/2,COQ1,0,2,GA,GG
40,chr3,18717264,C,T,0/1,COQ1,0,1,C,T
41,chr3,76849085,G,A,0/1,COQ1,0,1,G,A
66,chr1,172634734,T,C,1/1,PSEN1,1,1,C,C
67,chr1,204501383,C,T,0/1,PSEN1,0,1,C,T
68,chr1,204515760,T,C,0/1,PSEN1,0,1,T,C
69,chr1,204515863,C,T,0/1,PSEN1,0,1,C,T
70,chr1,1797741,T,C,0/1,PSEN1,0,1,T,C
71,chr1,1807894,G,A,1/1,PSEN1,1,1,A,A
72,chr1,176517797,C,T,0/1,PSEN1,0,1,C,T
73,chr1,176523597,A,G,0/1,PSEN1,0,1,A,G
74,chr1,157099332,CCCA,C,0/1,PSEN1,0,1,CCCA,C
75,chr1,5090966,ATTG,A,0/1,PSEN1,0,1,ATTG,A
76,chr1,37020622,A,C,0/1,PSEN1,0,1,A,C
77,chr1,98238358,G,A,0/1,PSEN1,0,1,G,A
78,chr1,98241259,C,T,0/1,PSEN1,0,1,C,T
79,chr1,32417945,T,C,0/1,PSEN1,0,1,T,C
80,chr1,49436724,ACA,"GCA,GC",0/1,PSEN1,0,1,ACA,GCA
81,chr1,49442813,T,C,0/1,PSEN1,0,1,T,C
82,chr1,69217910,AAC,A,0/1,PSEN1,0,1,AAC,A
83,chr1,124824710,GCCCCCACCCCC,"GCCCCACCCCCGCCGCTGCT,GCCCCACCCCGCCGCTGCT,GCCCCCACCCCCGCCGCTGCT,GCCCCCACCCCGCCGCTGCT",0/3,PSEN1,0,3,GCCCCCACCCCC,GCCCCCACCCCCGCCGCTGCT
84,chr1,29541437,T,C,0/1,PSEN1,0,1,T,C
85,chr1,1619333,G,A,0/1,PSEN1,0,1,G,A
86,chr1,24158899,C,A,0/1,PSEN1,0,1,C,A
87,chr1,41203119,G,A,0/1,PSEN1,0,1,G,A
88,chr1,123034303,T,G,0/1,PSEN1,0,1,T,G
89,chr1,65311262,G,A,0/1,PSEN2,0,1,G,A
90,chr1,158204425,A,G,1/1,PSEN2,1,1,G,G
91,chr1,158522577,C,A,1/1,PSEN2,1,1,A,A
92,chr1,157099399,GTTCCAG,"GATTCCAG,GTTC",0/2,PSEN2,0,2,GTTCCAG,GTTC
93,chr1,55249063,G,A,1/1,PSEN2,1,1,A,A
94,chr1,92247326,TG,"T,TT",0/2,PSEN2,0,2,TG,TT
95,chr1,5090934,A,T,0/1,PSEN2,0,1,A,T
96,chr1,98209593,GG,"GAG,GA",0/2,PSEN2,0,2,GG,GA
97,chr1,8097566,TCCCCGCGCGCGGGTTCCGGGC,"TCCCGCGCGCGGGTTCCGGC,TCCCGCGCGCGGGTTCCGGGC,TCCCGCGCGCGGGTTCGGC,TCCCGCGCGCGGGTTCGGGC,TCCCTGCGCGCGGGTTCCGGC,TCCCTGCGCGCGGGTTCCGGGC,TCCCTGCGCGCGGGTTCGGC,TCCCTGCGCGCGGGTTCGGGC,TCCCTGCGCGCGGTCCGGGC,TCCCTGCGCGCGGTCCGGG,TCCCTGCGCGCGGTTCCGGGC,TCCCTGCGCGCGGTTCCGGG,TCGCCCGCGCGCGGTTCCGGGC",6/9,PSEN2,6,9,TCCCTGCGCGCGGGTTCCGGGC,TCCCTGCGCGCGGTCCGGGC
98,chr1,43613843,G,T,0/1,PSEN2,0,1,G,T
99,chr1,90770439,C,G,0/1,PSEN2,0,1,C,G
100,chr1,104356822,A,G,1/1,PSEN2,1,1,G,G
101,chr1,49424616,G,A,0/1,PSEN2,0,1,G,A
102,chr1,49426729,AGCTGCTGCTGCTGCTGCTGCT,AGCTGCTGCTGCTGCTGCT,0/1,PSEN2,0,1,AGCTGCTGCTGCTGCTGCTGCT,AGCTGCTGCTGCTGCTGCT
103,chr1,49427652,C,T,0/1,PSEN2,0,1,C,T
104,chr1,58144665,C,T,0/1,PSEN2,0,1,C,T
105,chr1,29670190,C,G,1/1,PSEN2,1,1,G,G
106,chr1,41200677,C,T,0/1,PSEN2,0,1,C,T
107,chr9,23885598,GT,"GC,G,GTC",0/1,SCNAC22,0,1,GT,GC
108,chr9,65301669,C,A,1/1,SCNAC22,1,1,A,A
109,chr9,204512100,T,C,0/1,SCNAC22,0,1,T,C
110,chr9,204516025,A,G,0/1,SCNAC22,0,1,A,G
111,chr9,25458546,C,T,1/1,SCNAC22,1,1,T,T
112,chr9,29416572,T,C,1/1,SCNAC22,1,1,C,C
113,chr9,121726446,CG,"CA,CAG",1/1,SCNAC22,1,1,CA,CA
114,chr9,158626980,C,T,1/1,SCNAC22,1,1,T,T
115,chr9,209113192,G,A,0/1,SCNAC22,0,1,G,A
116,chr9,106196829,T,G,0/1,SCNAC22,0,1,T,G
117,chr9,61707725,G,A,1/1,SCNAC22,1,1,A,A
118,chr9,61732521,A,G,1/1,SCNAC22,1,1,G,G
119,chr9,98244242,T,C,0/1,SCNAC22,0,1,T,C
120,chr9,98270320,AGTGAGTGTGTGTGTGTGTGT,"AGTGAGTGTGTGTGTGTGT,AGTGAGTGTGTGTGTGTGTGA,AGTGTGTGTGTGT",0/3,SCNAC22,0,3,AGTGAGTGTGTGTGTGTGTGT,AGTGTGTGTGTGT
121,chr9,98270644,GTTGC,GTTGCCGC,0/1,SCNAC22,0,1,GTTGC,GTTGCCGC
122,chr9,135781205,T,C,0/1,SCNAC22,0,1,T,C
123,chr9,123306112,A,C,0/1,SCNAC22,0,1,A,C
124,chr9,85979636,CGTGT,"CGCTGT,CGTCTGT,C,CGT,CGTGTGT,CGTGTGTGT,CGTGTGTGTGT",0/4,SCNAC22,0,4,CGTGT,CGT
125,chr9,49426725,T,C,0/1,SCNAC22,0,1,T,C
126,chr9,49427268,C,T,0/1,SCNAC22,0,1,C,T
127,chr9,49445501,G,T,0/1,SCNAC22,0,1,G,T
128,chr9,124887058,GGCTGCTGCTGCTGCTGCTGCTGCTGCTGCTGCTGCTGTTGT,"GCTGCTGCTGCTGCTGCTGCTGCTGCTGCTGCTGCTGCTGTTGT,GGCTGCTGCTGCTGCTGCTGCTGCTGCTGCTGCTGCTGCTGTTG,GGCTGCTGCTGCTGCTGCTGCTGCTGCTGCTGCTGCTGCTGTTGT,GGCTGCTGCTGCTGCTGCTGCTGCTGCTGCTGCTGCTGTTGTTGT",0/1,SCNAC22,0,1,GGCTGCTGCTGCTGCTGCTGCTGCTGCTGCTGCTGCTGTTGT,GCTGCTGCTGCTGCTGCTGCTGCTGCTGCTGCTGCTGCTGTTGT
129,chr9,23504021,GA,"AA,AAC",0/1,SCNAC22,0,1,GA,AA
130,chr9,23504238,G,A,1/1,SCNAC22,1,1,A,A
131,chr9,29553477,ACCCCCCCG,"ACCCCCCA,ACCCCCCCA,ACCCCCCCCA,ACCCCCCCCG,ACCCCCCG",0/2,SCNAC22,0,2,ACCCCCCCG,ACCCCCCCA
132,chr9,29557882,A,G,0/1,SCNAC22,0,1,A,G
133,chr9,29654876,T,A,0/1,SCNAC22,0,1,T,A
134,chr9,29679246,GAT,"AA,AAT",0/2,SCNAC22,0,2,GAT,AAT
135,chr9,63052344,G,T,0/1,SCNAC22,0,1,G,T
136,chr9,1619752,G,GTGGGG,0/1,SCNAC22,0,1,G,GTGGGG
137,chr9,36206932,G,A,0/1,SCNAC22,0,1,G,A
138,chr9,133511988,G,A,1/1,SCNAC22,1,1,A,A
139,chr4,27058121,TC,T,0/1,TP53,0,1,TC,T
140,chr4,65310489,T,C,0/1,TP53,0,1,T,C
141,chr4,179087934,T,C,0/1,TP53,0,1,T,C
142,chr4,25463483,G,A,0/1,TP53,0,1,G,A
143,chr4,55529199,T,TA,0/1,TP53,0,1,T,TA
144,chr4,55566266,G,A,0/1,TP53,0,1,G,A
145,chr4,55598902,CA,"C,CT",0/2,TP53,0,2,CA,CT
146,chr4,149433596,TG,GA,0/1,TP53,0,1,TG,GA
147,chr4,18139214,G,A,1/1,TP53,1,1,A,A
148,chr4,41903782,A,C,0/1,TP53,0,1,A,C
149,chr4,157405761,G,A,1/1,TP53,1,1,A,A
150,chr4,157405930,GT,"ATC,AT",2/2,TP53,2,2,AT,AT
151,chr4,55228053,A,T,1/1,TP53,1,1,T,T
152,chr4,116436097,G,A,0/1,TP53,0,1,G,A
153,chr4,140476936,G,A,0/1,TP53,0,1,G,A
154,chr4,5081780,G,A,0/1,TP53,0,1,G,A
155,chr4,37034019,CTAAATCCAT,"CTAAATCCA,CTAAATTCCAT,CTAATCCA,CTTAAATCCAT,CTTAAATTCCA,CTTAAATTCCAT",0/2,TP53,0,2,CTAAATCCAT,CTAAATTCCAT
156,chr4,139391636,G,A,0/1,TP53,0,1,G,A
157,chr4,104359342,CTTTTTTCTG,"CTTTTTCCG,CTTTTTTCCG",0/2,TP53,0,2,CTTTTTTCTG,CTTTTTTCCG
158,chr4,534242,A,G,0/1,TP53,0,1,A,G
159,chr4,32456562,G,A,0/1,TP53,0,1,G,A
160,chr4,69456000,G,C,0/1,TP53,0,1,G,C
161,chr4,69462856,C,T,0/1,TP53,0,1,C,T
162,chr4,25386061,CAC,"CAAA,CAA",2/2,TP53,2,2,CAA,CAA
163,chr4,49421179,G,C,1/1,TP53,1,1,C,C
164,chr4,49444545,G,A,0/1,TP53,0,1,G,A
165,chr4,56477694,AGC,"TG,TGC",2/2,TP53,2,2,TGC,TGC
166,chr4,7578210,T,C,0/1,TP53,0,1,T,C
167,chr4,29575979,ATTTTATTTTTAT,"ATTTTATTTTA,ATTTTATTTTAT,ATTTTATTTTTA,ATTTTATTTTTATT,ATTTTTATTTTTAT",0/1,TP53,0,1,ATTTTATTTTTAT,ATTTTATTTTA
168,chr4,18707878,A,C,0/1,TP53,0,1,A,C
169,chr4,33792753,AGGGCGGCGGCGGCGGCGGCG,"AGGGCGGCGGCGGCGGCG,GGTGCGAGGGCGGCGGCGGCGGCG",0/1,TP53,0,1,AGGGCGGCGGCGGCGGCGGCG,AGGGCGGCGGCGGCGGCG
